Period,Commodity,Province,Country,State,Value ($),Quantity,Unit of measure
2022-01-01,"2709.00.00.30 - Crude petroleum oils, relative density of 0.9042 or more (less than 25° A.P.I.)",Canada,United States,Texas,50344837,85591,Volume in cubic metres
2022-07-01,"2709.00.00.30 - Crude petroleum oils, relative density of 0.9042 or more (less than 25° A.P.I.)",Canada,Ecuador,N/A,91920352,108306,Volume in cubic metres
2023-04-01,"2709.00.00.30 - Crude petroleum oils, relative density of 0.9042 or more (less than 25° A.P.I.)",Canada,United States,Texas,1.25E+08,186993,Volume in cubic metres
2023-09-01,"2709.00.00.30 - Crude petroleum oils, relative density of 0.9042 or more (less than 25° A.P.I.)",Canada,Türkiye,N/A,13,0,Volume in cubic metres
2023-09-01,"2709.00.00.30 - Crude petroleum oils, relative density of 0.9042 or more (less than 25° A.P.I.)",Canada,United States,Texas,1.37E+08,191192,Volume in cubic metres
2023-10-01,"2709.00.00.30 - Crude petroleum oils, relative density of 0.9042 or more (less than 25° A.P.I.)",Canada,Türkiye,N/A,55,0,Volume in cubic metres
2024-01-01,"2709.00.00.30 - Crude petroleum oils, relative density of 0.9042 or more (less than 25° A.P.I.)",Canada,United States,Texas,57857829,99469,Volume in cubic metres
2024-07-01,"2709.00.00.30 - Crude petroleum oils, relative density of 0.9042 or more (less than 25° A.P.I.)",Canada,United States,Texas,96123157,140740,Volume in cubic metres
2025-08-01,"2709.00.00.30 - Crude petroleum oils, relative density of 0.9042 or more (less than 25° A.P.I.)",Canada,United States,Arkansas,30,0,Volume in cubic metres
2021-11-01,"2709.00.00.30 - Crude petroleum oils, relative density of 0.9042 or more (less than 25° A.P.I.)",Canada,Colombia,N/A,55246458,86938,Volume in cubic metres
2022-02-01,"2709.00.00.30 - Crude petroleum oils, relative density of 0.9042 or more (less than 25° A.P.I.)",Canada,Colombia,N/A,63483876,90479,Volume in cubic metres
2022-03-01,"2709.00.00.30 - Crude petroleum oils, relative density of 0.9042 or more (less than 25° A.P.I.)",Canada,United States,Texas,44584824,58984,Volume in cubic metres
2022-04-01,"2709.00.00.30 - Crude petroleum oils, relative density of 0.9042 or more (less than 25° A.P.I.)",Canada,Colombia,N/A,84150976,95143,Volume in cubic metres
2022-05-01,"2709.00.00.30 - Crude petroleum oils, relative density of 0.9042 or more (less than 25° A.P.I.)",Canada,United States,Texas,75708122,88118,Volume in cubic metres
2022-09-01,"2709.00.00.30 - Crude petroleum oils, relative density of 0.9042 or more (less than 25° A.P.I.)",Canada,United States,Texas,1.33E+08,168452,Volume in cubic metres
2023-11-01,"2709.00.00.30 - Crude petroleum oils, relative density of 0.9042 or more (less than 25° A.P.I.)",Canada,United States,Texas,1.48E+08,197264,Volume in cubic metres
2024-01-01,"2709.00.00.30 - Crude petroleum oils, relative density of 0.9042 or more (less than 25° A.P.I.)",Canada,Germany,N/A,294,3,Volume in cubic metres
2024-02-01,"2709.00.00.30 - Crude petroleum oils, relative density of 0.9042 or more (less than 25° A.P.I.)",Canada,Ecuador,N/A,1.34E+08,159060,Volume in cubic metres
2024-04-01,"2709.00.00.30 - Crude petroleum oils, relative density of 0.9042 or more (less than 25° A.P.I.)",Canada,Ecuador,N/A,1.24E+08,164209,Volume in cubic metres
2024-09-01,"2709.00.00.30 - Crude petroleum oils, relative density of 0.9042 or more (less than 25° A.P.I.)",Canada,United States,Georgia,14,0,Volume in cubic metres
2024-11-01,"2709.00.00.30 - Crude petroleum oils, relative density of 0.9042 or more (less than 25° A.P.I.)",Canada,Côte d'Ivoire,N/A,74206962,106964,Volume in cubic metres
2025-07-01,"2709.00.00.30 - Crude petroleum oils, relative density of 0.9042 or more (less than 25° A.P.I.)",Canada,Ecuador,N/A,63082824,102584,Volume in cubic metres
2025-09-01,"2709.00.00.30 - Crude petroleum oils, relative density of 0.9042 or more (less than 25° A.P.I.)",Canada,United Arab Emirates,N/A,42,0,Volume in cubic metres
2026-02-01,"2709.00.00.30 - Crude petroleum oils, relative density of 0.9042 or more (less than 25° A.P.I.)",Canada,India,N/A,89,1,Volume in cubic metres
2021-08-01,"2709.00.00.30 - Crude petroleum oils, relative density of 0.9042 or more (less than 25° A.P.I.)",Canada,United States,Texas,51466263,90935,Volume in cubic metres
2021-09-01,"2709.00.00.30 - Crude petroleum oils, relative density of 0.9042 or more (less than 25° A.P.I.)",Canada,Colombia,N/A,92049336,159845,Volume in cubic metres
2021-12-01,"2709.00.00.30 - Crude petroleum oils, relative density of 0.9042 or more (less than 25° A.P.I.)",Canada,Ecuador,N/A,54179345,85849,Volume in cubic metres
2022-02-01,"2709.00.00.30 - Crude petroleum oils, relative density of 0.9042 or more (less than 25° A.P.I.)",Canada,United States,Texas,89715833,136891,Volume in cubic metres
2022-08-01,"2709.00.00.30 - Crude petroleum oils, relative density of 0.9042 or more (less than 25° A.P.I.)",Canada,United States,New York,13,0,Volume in cubic metres
2022-12-01,"2709.00.00.30 - Crude petroleum oils, relative density of 0.9042 or more (less than 25° A.P.I.)",Canada,United States,Texas,36175067,47715,Volume in cubic metres
2023-01-01,"2709.00.00.30 - Crude petroleum oils, relative density of 0.9042 or more (less than 25° A.P.I.)",Canada,Colombia,N/A,66906528,87339,Volume in cubic metres
2023-01-01,"2709.00.00.30 - Crude petroleum oils, relative density of 0.9042 or more (less than 25° A.P.I.)",Canada,United States,Wisconsin,143,0,Volume in cubic metres
2023-02-01,"2709.00.00.30 - Crude petroleum oils, relative density of 0.9042 or more (less than 25° A.P.I.)",Canada,United States,Ohio,12237,27,Volume in cubic metres
2023-03-01,"2709.00.00.30 - Crude petroleum oils, relative density of 0.9042 or more (less than 25° A.P.I.)",Canada,Colombia,N/A,54571518,79932,Volume in cubic metres
2023-06-01,"2709.00.00.30 - Crude petroleum oils, relative density of 0.9042 or more (less than 25° A.P.I.)",Canada,United States,Texas,79796119,127653,Volume in cubic metres
2023-07-01,"2709.00.00.30 - Crude petroleum oils, relative density of 0.9042 or more (less than 25° A.P.I.)",Canada,Colombia,N/A,72432864,110800,Volume in cubic metres
2023-11-01,"2709.00.00.30 - Crude petroleum oils, relative density of 0.9042 or more (less than 25° A.P.I.)",Canada,United States,California,1,0,Volume in cubic metres
2023-12-01,"2709.00.00.30 - Crude petroleum oils, relative density of 0.9042 or more (less than 25° A.P.I.)",Canada,United States,New York,5105,37,Volume in cubic metres
2025-05-01,"2709.00.00.30 - Crude petroleum oils, relative density of 0.9042 or more (less than 25° A.P.I.)",Canada,Germany,N/A,2,0,Volume in cubic metres
2024-01-01,"2709.00.00.30 - Crude petroleum oils, relative density of 0.9042 or more (less than 25° A.P.I.)",Canada,Colombia,N/A,54946860,81083,Volume in cubic metres
2024-07-01,"2709.00.00.30 - Crude petroleum oils, relative density of 0.9042 or more (less than 25° A.P.I.)",Canada,Ecuador,N/A,1.24E+08,162621,Volume in cubic metres
2026-06-01,"2709.00.00.30 - Crude petroleum oils, relative density of 0.9042 or more (less than 25° A.P.I.)",Canada,Ecuador,N/A,1.08E+08,117834,Volume in cubic metres
2025-09-01,"2709.00.00.30 - Crude petroleum oils, relative density of 0.9042 or more (less than 25° A.P.I.)",Canada,India,N/A,17,0,Volume in cubic metres
2025-10-01,"2709.00.00.30 - Crude petroleum oils, relative density of 0.9042 or more (less than 25° A.P.I.)",Canada,United States,Texas,331,0,Volume in cubic metres
2025-10-01,"2709.00.00.30 - Crude petroleum oils, relative density of 0.9042 or more (less than 25° A.P.I.)",Canada,Canada,N/A,223,2,Volume in cubic metres
2025-12-01,"2709.00.00.30 - Crude petroleum oils, relative density of 0.9042 or more (less than 25° A.P.I.)",Canada,United States,Washington,3509,25,Volume in cubic metres
2026-01-01,"2709.00.00.30 - Crude petroleum oils, relative density of 0.9042 or more (less than 25° A.P.I.)",Canada,Germany,N/A,2,0,Volume in cubic metres
2026-05-01,"2709.00.00.30 - Crude petroleum oils, relative density of 0.9042 or more (less than 25° A.P.I.)",Canada,United States,New York,8,0,Volume in cubic metres
2021-06-01,"2709.00.00.30 - Crude petroleum oils, relative density of 0.9042 or more (less than 25° A.P.I.)",Canada,United States,Texas,24917100,48715,Volume in cubic metres
2022-02-01,"2709.00.00.30 - Crude petroleum oils, relative density of 0.9042 or more (less than 25° A.P.I.)",Canada,Norway,N/A,1.45E+08,199631,Volume in cubic metres
2022-10-01,"2709.00.00.30 - Crude petroleum oils, relative density of 0.9042 or more (less than 25° A.P.I.)",Canada,Oman,N/A,309,1,Volume in cubic metres
2022-11-01,"2709.00.00.30 - Crude petroleum oils, relative density of 0.9042 or more (less than 25° A.P.I.)",Canada,United States,Texas,77824925,98639,Volume in cubic metres
2023-05-01,"2709.00.00.30 - Crude petroleum oils, relative density of 0.9042 or more (less than 25° A.P.I.)",Canada,Ecuador,N/A,70083990,107849,Volume in cubic metres
2023-06-01,"2709.00.00.30 - Crude petroleum oils, relative density of 0.9042 or more (less than 25° A.P.I.)",Canada,Ecuador,N/A,63796270,100181,Volume in cubic metres
2023-09-01,"2709.00.00.30 - Crude petroleum oils, relative density of 0.9042 or more (less than 25° A.P.I.)",Canada,United States,Illinois,1097,2,Volume in cubic metres
2023-09-01,"2709.00.00.30 - Crude petroleum oils, relative density of 0.9042 or more (less than 25° A.P.I.)",Canada,Niger,N/A,996,2,Volume in cubic metres
2023-10-01,"2709.00.00.30 - Crude petroleum oils, relative density of 0.9042 or more (less than 25° A.P.I.)",Canada,United States,New York,5102,37,Volume in cubic metres
2024-06-01,"2709.00.00.30 - Crude petroleum oils, relative density of 0.9042 or more (less than 25° A.P.I.)",Canada,Colombia,N/A,1,0,Volume in cubic metres
2024-08-01,"2709.00.00.30 - Crude petroleum oils, relative density of 0.9042 or more (less than 25° A.P.I.)",Canada,Côte d'Ivoire,N/A,77244408,107981,Volume in cubic metres
2024-10-01,"2709.00.00.30 - Crude petroleum oils, relative density of 0.9042 or more (less than 25° A.P.I.)",Canada,United States,Ohio,14677,77,Volume in cubic metres
2025-08-01,"2709.00.00.30 - Crude petroleum oils, relative density of 0.9042 or more (less than 25° A.P.I.)",Canada,Germany,N/A,2,0,Volume in cubic metres
2025-09-01,"2709.00.00.30 - Crude petroleum oils, relative density of 0.9042 or more (less than 25° A.P.I.)",Canada,Türkiye,N/A,28,0,Volume in cubic metres
2021-08-01,"2709.00.00.30 - Crude petroleum oils, relative density of 0.9042 or more (less than 25° A.P.I.)",Canada,Colombia,N/A,56543544,103308,Volume in cubic metres
2021-12-01,"2709.00.00.30 - Crude petroleum oils, relative density of 0.9042 or more (less than 25° A.P.I.)",Canada,United States,Texas,33030143,52192,Volume in cubic metres
2022-11-01,"2709.00.00.30 - Crude petroleum oils, relative density of 0.9042 or more (less than 25° A.P.I.)",Canada,Colombia,N/A,1.31E+08,166916,Volume in cubic metres
2023-03-01,"2709.00.00.30 - Crude petroleum oils, relative density of 0.9042 or more (less than 25° A.P.I.)",Canada,Ecuador,N/A,76357575,108313,Volume in cubic metres
2023-05-01,"2709.00.00.30 - Crude petroleum oils, relative density of 0.9042 or more (less than 25° A.P.I.)",Canada,United States,Texas,83359756,118536,Volume in cubic metres
2023-07-01,"2709.00.00.30 - Crude petroleum oils, relative density of 0.9042 or more (less than 25° A.P.I.)",Canada,United States,Texas,1.01E+08,168439,Volume in cubic metres
2023-08-01,"2709.00.00.30 - Crude petroleum oils, relative density of 0.9042 or more (less than 25° A.P.I.)",Canada,United States,Texas,1.12E+08,172477,Volume in cubic metres
2023-10-01,"2709.00.00.30 - Crude petroleum oils, relative density of 0.9042 or more (less than 25° A.P.I.)",Canada,United States,Texas,1.31E+08,168697,Volume in cubic metres
2023-12-01,"2709.00.00.30 - Crude petroleum oils, relative density of 0.9042 or more (less than 25° A.P.I.)",Canada,United States,Texas,1.17E+08,170729,Volume in cubic metres
2024-01-01,"2709.00.00.30 - Crude petroleum oils, relative density of 0.9042 or more (less than 25° A.P.I.)",Canada,Ecuador,N/A,84464359,113108,Volume in cubic metres
2024-04-01,"2709.00.00.30 - Crude petroleum oils, relative density of 0.9042 or more (less than 25° A.P.I.)",Canada,Colombia,N/A,136,0,Volume in cubic metres
2024-09-01,"2709.00.00.30 - Crude petroleum oils, relative density of 0.9042 or more (less than 25° A.P.I.)",Canada,Ecuador,N/A,75099377,105404,Volume in cubic metres
2025-05-01,"2709.00.00.30 - Crude petroleum oils, relative density of 0.9042 or more (less than 25° A.P.I.)",Canada,Ecuador,N/A,64064352,108110,Volume in cubic metres
2025-06-01,"2709.00.00.30 - Crude petroleum oils, relative density of 0.9042 or more (less than 25° A.P.I.)",Canada,United States,Arkansas,68,0,Volume in cubic metres
2025-12-01,"2709.00.00.30 - Crude petroleum oils, relative density of 0.9042 or more (less than 25° A.P.I.)",Canada,Germany,N/A,4,0,Volume in cubic metres
2025-12-01,"2709.00.00.30 - Crude petroleum oils, relative density of 0.9042 or more (less than 25° A.P.I.)",Canada,Ecuador,N/A,61514289,108637,Volume in cubic metres
2026-03-01,"2709.00.00.30 - Crude petroleum oils, relative density of 0.9042 or more (less than 25° A.P.I.)",Canada,Germany,N/A,2,0,Volume in cubic metres
2022-04-01,"2709.00.00.30 - Crude petroleum oils, relative density of 0.9042 or more (less than 25° A.P.I.)",Canada,United States,Texas,76567802,86303,Volume in cubic metres
2022-06-01,"2709.00.00.30 - Crude petroleum oils, relative density of 0.9042 or more (less than 25° A.P.I.)",Canada,United States,Texas,1.09E+08,120039,Volume in cubic metres
2022-07-01,"2709.00.00.30 - Crude petroleum oils, relative density of 0.9042 or more (less than 25° A.P.I.)",Canada,United States,Texas,74266558,77999,Volume in cubic metres
2022-08-01,"2709.00.00.30 - Crude petroleum oils, relative density of 0.9042 or more (less than 25° A.P.I.)",Canada,Ecuador,N/A,86882215,108553,Volume in cubic metres
2022-08-01,"2709.00.00.30 - Crude petroleum oils, relative density of 0.9042 or more (less than 25° A.P.I.)",Canada,United States,Texas,80500329,93945,Volume in cubic metres
2023-03-01,"2709.00.00.30 - Crude petroleum oils, relative density of 0.9042 or more (less than 25° A.P.I.)",Canada,United States,Illinois,3,0,Volume in cubic metres
2023-03-01,"2709.00.00.30 - Crude petroleum oils, relative density of 0.9042 or more (less than 25° A.P.I.)",Canada,United States,Texas,50685115,75531,Volume in cubic metres
2023-11-01,"2709.00.00.30 - Crude petroleum oils, relative density of 0.9042 or more (less than 25° A.P.I.)",Canada,Spain,N/A,27,0,Volume in cubic metres
2024-03-01,"2709.00.00.30 - Crude petroleum oils, relative density of 0.9042 or more (less than 25° A.P.I.)",Canada,United States,Texas,1.04E+08,166837,Volume in cubic metres
2024-04-01,"2709.00.00.30 - Crude petroleum oils, relative density of 0.9042 or more (less than 25° A.P.I.)",Canada,United States,Pennsylvania,1424,2,Volume in cubic metres
2024-05-01,"2709.00.00.30 - Crude petroleum oils, relative density of 0.9042 or more (less than 25° A.P.I.)",Canada,United States,Texas,1.19E+08,165497,Volume in cubic metres
2024-06-01,"2709.00.00.30 - Crude petroleum oils, relative density of 0.9042 or more (less than 25° A.P.I.)",Canada,United States,Texas,82177896,121413,Volume in cubic metres
2021-10-01,"2709.00.00.30 - Crude petroleum oils, relative density of 0.9042 or more (less than 25° A.P.I.)",Canada,United States,Texas,30845838,52487,Volume in cubic metres
2022-02-01,"2709.00.00.30 - Crude petroleum oils, relative density of 0.9042 or more (less than 25° A.P.I.)",Canada,United States,Minnesota,111,0,Volume in cubic metres
2022-10-01,"2709.00.00.30 - Crude petroleum oils, relative density of 0.9042 or more (less than 25° A.P.I.)",Canada,United States,Texas,1.14E+08,154485,Volume in cubic metres
2023-01-01,"2709.00.00.30 - Crude petroleum oils, relative density of 0.9042 or more (less than 25° A.P.I.)",Canada,United States,Texas,41739583,60007,Volume in cubic metres
2023-02-01,"2709.00.00.30 - Crude petroleum oils, relative density of 0.9042 or more (less than 25° A.P.I.)",Canada,United States,Texas,64656203,96446,Volume in cubic metres
2023-08-01,"2709.00.00.30 - Crude petroleum oils, relative density of 0.9042 or more (less than 25° A.P.I.)",Canada,Colombia,N/A,1.11E+08,315137,Volume in cubic metres
2024-04-01,"2709.00.00.30 - Crude petroleum oils, relative density of 0.9042 or more (less than 25° A.P.I.)",Canada,United States,Texas,92702642,139933,Volume in cubic metres
2024-06-01,"2709.00.00.30 - Crude petroleum oils, relative density of 0.9042 or more (less than 25° A.P.I.)",Canada,United Arab Emirates,N/A,27,0,Volume in cubic metres
2024-08-01,"2709.00.00.30 - Crude petroleum oils, relative density of 0.9042 or more (less than 25° A.P.I.)",Canada,United States,Texas,1.10E+08,158291,Volume in cubic metres
2024-08-01,"2709.00.00.30 - Crude petroleum oils, relative density of 0.9042 or more (less than 25° A.P.I.)",Canada,Spain,N/A,2,0,Volume in cubic metres
2024-09-01,"2709.00.00.30 - Crude petroleum oils, relative density of 0.9042 or more (less than 25° A.P.I.)",Canada,United States,Texas,78706338,122371,Volume in cubic metres
2024-10-01,"2709.00.00.30 - Crude petroleum oils, relative density of 0.9042 or more (less than 25° A.P.I.)",Canada,Ecuador,N/A,71780019,103297,Volume in cubic metres
2025-02-01,"2709.00.00.30 - Crude petroleum oils, relative density of 0.9042 or more (less than 25° A.P.I.)",Canada,Ecuador,N/A,74549451,108680,Volume in cubic metres
2025-03-01,"2709.00.00.30 - Crude petroleum oils, relative density of 0.9042 or more (less than 25° A.P.I.)",Canada,Ecuador,N/A,64591232,98740,Volume in cubic metres
2025-06-01,"2709.00.00.30 - Crude petroleum oils, relative density of 0.9042 or more (less than 25° A.P.I.)",Canada,United States,Ohio,1,0,Volume in cubic metres
2026-06-01,"2709.00.00.30 - Crude petroleum oils, relative density of 0.9042 or more (less than 25° A.P.I.)",Canada,United States,Colorado,1,0,Volume in cubic metres
2026-03-01,"2709.00.00.30 - Crude petroleum oils, relative density of 0.9042 or more (less than 25° A.P.I.)",Canada,Ecuador,N/A,94241876,109223,Volume in cubic metres
2021-07-01,"2709.00.00.30 - Crude petroleum oils, relative density of 0.9042 or more (less than 25° A.P.I.)",Canada,United States,Texas,57325504,104522,Volume in cubic metres
2021-09-01,"2709.00.00.30 - Crude petroleum oils, relative density of 0.9042 or more (less than 25° A.P.I.)",Canada,United States,Texas,59046188,109087,Volume in cubic metres
2022-06-01,"2709.00.00.30 - Crude petroleum oils, relative density of 0.9042 or more (less than 25° A.P.I.)",Canada,Colombia,N/A,81025437,82545,Volume in cubic metres
2022-08-01,"2709.00.00.30 - Crude petroleum oils, relative density of 0.9042 or more (less than 25° A.P.I.)",Canada,Colombia,N/A,53129656,63780,Volume in cubic metres
2023-07-01,"2709.00.00.30 - Crude petroleum oils, relative density of 0.9042 or more (less than 25° A.P.I.)",Canada,United States,Indiana,8008,18,Volume in cubic metres
2023-12-01,"2709.00.00.30 - Crude petroleum oils, relative density of 0.9042 or more (less than 25° A.P.I.)",Canada,United States,Ohio,12007,33,Volume in cubic metres
2024-02-01,"2709.00.00.30 - Crude petroleum oils, relative density of 0.9042 or more (less than 25° A.P.I.)",Canada,United States,Texas,75592892,126095,Volume in cubic metres
2024-05-01,"2709.00.00.30 - Crude petroleum oils, relative density of 0.9042 or more (less than 25° A.P.I.)",Canada,Ecuador,N/A,1.14E+08,164097,Volume in cubic metres
2025-03-01,"2709.00.00.30 - Crude petroleum oils, relative density of 0.9042 or more (less than 25° A.P.I.)",Canada,United States,Texas,2163,5,Volume in cubic metres
2025-12-01,"2709.00.00.30 - Crude petroleum oils, relative density of 0.9042 or more (less than 25° A.P.I.)",Canada,United States,Florida,3509,21,Volume in cubic metres
2026-02-01,"2709.00.00.30 - Crude petroleum oils, relative density of 0.9042 or more (less than 25° A.P.I.)",Canada,Germany,N/A,2,0,Volume in cubic metres